name, lastUpdate
WAAA, 31-Oct-2023
WABB, 20-Sep-2023
WABI, 24-Sep-2023
WABO, 24-Sep-2023
WADB, 24-Sep-2023
WADD, 06-Sep-2023
WADL, 07-May-2022
WADS, 14-Sep-2023
WADY, 20-Sep-2023
WAEE, 28-Sep-2023
WAEG, 24-Sep-2023
WAEK, 29-Sep-2023
WAEL, 29-Sep-2023
WAES, 29-Sep-2023
WAEW, 29-Sep-2023
WAFB, 27-Mar-2014
WAFF, 19-Sep-2023
WAFJ, 18-Oct-2023
WAFL, 01-Oct-2023
WAFM, 18-Oct-2023
WAFP, 18-Oct-2023
WAFT, 29-Sep-2023
WAFW, 03-Oct-2023
WAGB, 04-Oct-2023
WAGG, 28-Sep-2023
WAGI, 18-Oct-2023
WAGK, 02-Jul-2023
WAGM, 18-Oct-2023
WAGS, 28-Sep-2023
WAHH, 28-Aug-2023
WAHI, 20-Sep-2023
WAHL, 14-Sep-2023
WAHP, 02-Aug-2017
WAHQ, 20-Sep-2023
WAHS, 06-Sep-2023
WAJI, 14-Sep-2023
WAJJ, 13-Sep-2023
WAKK, 28-Sep-2023
WAKT, 28-Sep-2023
WALL, 20-Sep-2023
WALS, 28-Sep-2023
WAMG, 23-Sep-2023
WAMH, 28-Sep-2023
WAMM, 11-Sep-2023
WAOC, 05-Oct-2023
WAOK, 14-Sep-2023
WAOO, 20-Sep-2023
WAPA, 04-Oct-2023
WAPC, 28-Sep-2023
WAPF, 04-Oct-2023
WAPI, 20-Sep-2023
WAPL, 01-Oct-2023
WAPP, 20-Sep-2023
WAPR, 20-Apr-2016
WAPS, 18-Oct-2023
WAQA, 18-Oct-2023
WAQD, 18-Oct-2023
WAQJ, 18-Oct-2023
WAQM, 29-Sep-2023
WAQQ, 11-Sep-2023
WAQT, 14-Sep-2023
WARA, 14-Sep-2023
WARB, 11-Feb-2019
WARC, 17-Dec-2021
WARE, 28-Sep-2023
WARI, 14-Sep-2023
WARR, 06-Sep-2023
WART, 28-Sep-2023
WARW, 18-Oct-2023
WASF, 03-Oct-2023
WASK, 05-Oct-2023
WASS, 27-Sep-2023
WATA, 27-Oct-2023
WATB, 01-Oct-2023
WATC, 01-Oct-2023
WATE, 28-Sep-2023
WATG, 18-Oct-2023
WATK, 28-Sep-2023
WATL, 25-Sep-2023
WATM, 30-Sep-2023
WATO, 21-Sep-2023
WATR, 28-Sep-2023
WATS, 28-Sep-2023
WATT, 04-Sep-2023
WATU, 27-Oct-2023
WAUU, 26-Sep-2023
WAVV, 27-Sep-2023
WAWB, 27-Oct-2023
WAWP, 18-Oct-2023
WAWW, 15-Sep-2023
WAYE, 18-Oct-2023
WAYY, 24-Sep-2023
WIBB, 07-Sep-2023
WIBJ, 14-Sep-2023
WICA, 11-Sep-2023
WICC, 06-Sep-2023
WICD, 28-Sep-2023
WICM, 14-Sep-2023
WICN, 10-Oct-2023
WICS, 28-Sep-2023
WICT, 07-Jan-2016
WIDD, 11-Sep-2023
WIDM, 14-Sep-2023
WIDN, 11-Sep-2023
WIDO, 28-Sep-2023
WIDS, 28-Sep-2023
WIDT, 28-Sep-2023
WIEE, 09-Sep-2023
WIET, 08-Feb-2018
WIGG, 26-Sep-2023
WIHH, 07-Sep-2023
WIHJ, 14-Sep-2023
WIHP, 30-May-2023
WIII, 07-Sep-2023
WIJI, 28-Sep-2023
WIJJ, 15-Sep-2023
WIKK, 27-Oct-2023
WIKT, 11-Sep-2023
WILL, 11-Sep-2023
WILM, 20-Oct-2023
WIMA, 21-Oct-2023
WIMB, 21-Oct-2023
WIME, 29-Sep-2023
WIMK, 14-Apr-2022
WIMM, 06-Sep-2023
WIMN, 20-Sep-2023
WIMS, 27-Oct-2023
WIOG, 27-Oct-2023
WIOH, 30-Oct-2023
WIOI, 30-Oct-2023
WIOK, 30-Oct-2023
WION, 25-Apr-2019
WIOO, 04-Sep-2023
WIOP, 30-Oct-2023
WIOS, 30-Oct-2023
WIPP, 07-Sep-2023
WIRR, 14-Sep-2023
WITC, 28-Sep-2023
WITN, 14-Sep-2023
WITT, 11-Sep-2023
WABB, 31-Oct-2023
WABI, 31-Oct-2023
WABO, 31-Oct-2023
WADB, 31-Oct-2023
WADD, 31-Oct-2023
WADL, 31-Oct-2023
WADS, 31-Oct-2023
WADY, 31-Oct-2023
WABB, 31-Oct-2023
WABI, 31-Oct-2023
WABO, 31-Oct-2023
WADB, 31-Oct-2023
WADD, 31-Oct-2023
WADL, 31-Oct-2023
WADS, 31-Oct-2023
WADY, 31-Oct-2023
WAEE, 31-Oct-2023
WAEG, 31-Oct-2023
WAEK, 31-Oct-2023
WAEL, 31-Oct-2023
WAES, 31-Oct-2023
WAEW, 31-Oct-2023
WAFB, 31-Oct-2023
WAFF, 31-Oct-2023
WAFJ, 31-Oct-2023
WAFL, 31-Oct-2023
WAFM, 31-Oct-2023
WAFP, 31-Oct-2023
WAFT, 31-Oct-2023
WAFW, 31-Oct-2023
WAGB, 31-Oct-2023
WAGG, 31-Oct-2023
WAGI, 31-Oct-2023
WAGK, 31-Oct-2023
WAGM, 31-Oct-2023
WAGS, 31-Oct-2023
WAHH, 31-Oct-2023
WAHI, 31-Oct-2023
WAHL, 31-Oct-2023
WAHP, 31-Oct-2023
WAHQ, 31-Oct-2023
WAHS, 31-Oct-2023
WAJI, 31-Oct-2023
WAJJ, 31-Oct-2023
WAKK, 31-Oct-2023
WAKT, 31-Oct-2023
WALL, 31-Oct-2023
WALS, 31-Oct-2023
WAMG, 31-Oct-2023
WAMH, 31-Oct-2023
WAMM, 31-Oct-2023
WAOC, 31-Oct-2023
WAOK, 31-Oct-2023
WAOO, 31-Oct-2023
WAPA, 31-Oct-2023
WAPC, 31-Oct-2023
WAPF, 31-Oct-2023
WAPI, 31-Oct-2023
WAPL, 31-Oct-2023
WAPP, 31-Oct-2023
WAPR, 31-Oct-2023
WAPS, 31-Oct-2023
WAQA, 31-Oct-2023
WAQD, 31-Oct-2023
WAQJ, 31-Oct-2023
WAQM, 31-Oct-2023
WAQQ, 31-Oct-2023
WAQT, 31-Oct-2023
WARA, 31-Oct-2023
WABB, 31-Oct-2023
WABI, 31-Oct-2023
WABO, 31-Oct-2023
WADB, 31-Oct-2023
